year,roc_year,age_group,live_birth_rate_per_1000,numerator,denominator,period_basis,precision,status,source_agency,source_updated,verified_at
2016,105,15-19,4,官方15–19歲組活產數（含未滿15歲生母所生嬰兒）,15–19歲女性年中人口,按發生日期之曆年,官方整數精度,published,內政部戶政司,2026-06-10,2026-10-05
2017,106,15-19,4,官方15–19歲組活產數（含未滿15歲生母所生嬰兒）,15–19歲女性年中人口,按發生日期之曆年,官方整數精度,published,內政部戶政司,2026-06-10,2026-10-05
2018,107,15-19,4,官方15–19歲組活產數（含未滿15歲生母所生嬰兒）,15–19歲女性年中人口,按發生日期之曆年,官方整數精度,published,內政部戶政司,2026-06-10,2026-10-05
2019,108,15-19,4,官方15–19歲組活產數（含未滿15歲生母所生嬰兒）,15–19歲女性年中人口,按發生日期之曆年,官方整數精度,published,內政部戶政司,2026-06-10,2026-10-05
2020,109,15-19,4,官方15–19歲組活產數（含未滿15歲生母所生嬰兒）,15–19歲女性年中人口,按發生日期之曆年,官方整數精度,published,內政部戶政司,2026-06-10,2026-10-05
2021,110,15-19,3,官方15–19歲組活產數（含未滿15歲生母所生嬰兒）,15–19歲女性年中人口,按發生日期之曆年,官方整數精度,published,內政部戶政司,2026-06-10,2026-10-05
2022,111,15-19,3,官方15–19歲組活產數（含未滿15歲生母所生嬰兒）,15–19歲女性年中人口,按發生日期之曆年,官方整數精度,published,內政部戶政司,2026-06-10,2026-10-05
2023,112,15-19,3,官方15–19歲組活產數（含未滿15歲生母所生嬰兒）,15–19歲女性年中人口,按發生日期之曆年,官方整數精度,published,內政部戶政司,2026-06-10,2026-10-05
2024,113,15-19,3,官方15–19歲組活產數（含未滿15歲生母所生嬰兒）,15–19歲女性年中人口,按發生日期之曆年,官方整數精度,published,內政部戶政司,2026-06-10,2026-10-05
2025,114,15-19,2,官方15–19歲組活產數（含未滿15歲生母所生嬰兒）,15–19歲女性年中人口,按發生日期之曆年,官方整數精度,published,內政部戶政司,2026-06-10,2026-10-05
